index,date,location,sample_number,local_index,sex,maturity,weight,carapace_width,carapace_length,egg_clutch_color,clutch_weight
1,2016-09-29,MANDAITIVU,1,1,F,3,149,125,58,5,27
2,2016-09-29,MANDAITIVU,1,2,F,3,127,120,59,3,14
3,2016-09-29,MANDAITIVU,1,3,M,2,200,139,60,,
4,2016-09-29,MANDAITIVU,1,4,M,2,205,132,61,,
5,2016-09-29,MANDAITIVU,1,5,M,2,256,145,65,,
6,2016-09-29,MANDAITIVU,1,6,F,2,122,110,55,0,
7,2016-09-29,MANDAITIVU,1,7,M,2,131,120,61,,
8,2016-09-29,MANDAITIVU,1,8,F,3,137,120,56,1,14
9,2016-09-29,MANDAITIVU,1,9,F,3,180,126,62,6,32
10,2016-09-29,MANDAITIVU,1,10,M,2,103,114,52,,
11,2016-09-29,MANDAITIVU,1,11,F,2,118,125,55,,
12,2016-09-29,MANDAITIVU,1,12,F,3,289,156,70,2,39
13,2016-09-29,MANDAITIVU,1,13,M,1,88,109,49,,
14,2016-09-29,MANDAITIVU,1,14,M,2,234,142,68,,
15,2016-09-29,MANDAITIVU,2,1,M,2,165,126,61,,
16,2016-09-29,MANDAITIVU,2,2,F,2,104,123,55,,
17,2016-09-29,MANDAITIVU,2,3,M,2,188,143,65,,
18,2016-09-29,MANDAITIVU,2,4,M,2,204,143,66,,
19,2016-09-29,MANDAITIVU,2,5,F,2,88,140,50,,
20,2016-09-29,MANDAITIVU,2,6,M,2,163,134,62,,
21,2016-09-29,MANDAITIVU,2,7,F,2,90,115,49,0,2
22,2016-09-29,MANDAITIVU,2,8,F,2,90,114,52,,
23,2016-09-29,MANDAITIVU,2,9,M,2,183,134,62,,
24,2016-09-29,MANDAITIVU,2,10,M,2,181,132,64,,
25,2016-09-29,MANDAITIVU,2,11,M,2,135,118,56,,
26,2016-09-29,MANDAITIVU,2,12,F,3,193,129,60,5,27
27,2016-09-29,MANDAITIVU,2,13,F,2,106,118,55,,
28,2016-09-29,MANDAITIVU,2,14,F,2,143,126,61,,
29,2016-09-29,MANDAITIVU,2,15,M,2,92,106,52,,
30,2016-09-29,MANDAITIVU,2,16,M,2,160,132,61,,
31,2016-09-29,MANDAITIVU,2,17,M,2,100,115,55,,
32,2016-09-29,MANDAITIVU,2,18,M,2,175,141,65,,
33,2016-09-29,MANDAITIVU,2,19,M,2,133,120,58,,
34,2016-09-29,MANDAITIVU,2,20,M,2,151,127,59,,
35,2016-09-29,MANDAITIVU,2,21,M,2,195,142,66,,
36,2016-09-29,MANDAITIVU,2,22,F,2,138,132,59,,
37,2016-09-29,MANDAITIVU,2,23,F,3,196,128,62,4,30
38,2016-09-29,MANDAITIVU,2,24,F,2,135,128,55,,
39,2016-09-29,MANDAITIVU,2,25,M,2,137,129,57,,
40,2016-09-29,MANDAITIVU,2,26,F,2,102,121,54,,
41,2016-09-29,MANDAITIVU,2,27,M,2,127,124,56,,
42,2016-09-29,MANDAITIVU,2,28,M,2,140,124,56,,
43,2016-09-29,MANDAITIVU,2,29,F,1,72,108,44,,
44,2016-09-29,MANDAITIVU,2,30,M,2,155,129,60,,
45,2016-09-29,MANDAITIVU,3,1,F,2,150,127,60,,
46,2016-09-29,MANDAITIVU,3,2,M,2,160,127,61,,
47,2016-09-29,MANDAITIVU,3,3,M,2,220,142,67,,
48,2016-09-29,MANDAITIVU,3,4,M,2,171,131,62,,
49,2016-09-29,MANDAITIVU,3,5,M,2,209,144,66,,
50,2016-09-29,MANDAITIVU,3,6,F,3,115,124,52,3,14
51,2016-09-29,MANDAITIVU,3,7,M,2,128,123,58,,
52,2016-09-29,MANDAITIVU,3,8,M,2,180,153,70,,
53,2016-09-29,MANDAITIVU,3,9,M,2,151,135,60,,
54,2016-09-29,MANDAITIVU,3,10,F,2,121,126,58,,
55,2016-09-29,MANDAITIVU,3,11,F,2,137,134,58,,
56,2016-09-29,MANDAITIVU,3,12,M,2,130,129,60,,
57,2016-09-29,MANDAITIVU,3,13,M,2,178,134,62,,
58,2016-09-29,MANDAITIVU,3,14,M,2,152,128,60,,
59,2016-09-29,MANDAITIVU,3,15,F,3,215,144,65,2,26
60,2016-09-29,MANDAITIVU,3,16,M,2,165,133,60,,
61,2016-09-29,MANDAITIVU,3,17,F,2,128,126,57,,
62,2016-09-29,MANDAITIVU,3,18,M,2,226,145,67,,
63,2016-09-29,MANDAITIVU,3,19,M,2,260,146,70,,
64,2016-09-29,MANDAITIVU,3,20,M,2,257,147,70,,
65,2016-09-29,MANDAITIVU,3,21,M,2,207,135,66,,
66,2016-09-29,MANDAITIVU,3,22,F,3,139,128,57,4,22
67,2016-09-29,MANDAITIVU,3,23,M,2,195,139,64,,
68,2016-09-29,MANDAITIVU,3,24,M,2,203,135,64,,
69,2016-09-29,MANDAITIVU,3,25,M,2,202,144,64,,
70,2016-09-29,MANDAITIVU,3,26,M,2,199,138,64,,
71,2016-09-29,MANDAITIVU,3,27,M,2,174,124,60,,
72,2016-09-29,MANDAITIVU,3,28,F,3,142,123,56,2,15
73,2016-09-29,MANDAITIVU,3,29,M,2,198,134,64,,
74,2016-09-29,MANDAITIVU,3,30,F,2,180,133,62,2,22
75,2016-09-29,MANDAITIVU,4,1,M,2,268,154,70,,
76,2016-09-29,MANDAITIVU,4,2,M,2,136,123,55,,
77,2016-09-29,MANDAITIVU,4,3,M,2,135,123,55,,
78,2016-09-29,MANDAITIVU,4,4,F,3,174,132,56,2,29
79,2016-09-29,MANDAITIVU,4,5,M,2,129,122,58,,
80,2016-09-29,MANDAITIVU,4,6,M,2,208,129,65,,
81,2016-09-29,MANDAITIVU,4,7,F,3,167,124,56,6,27
82,2016-09-29,MANDAITIVU,4,8,M,3,188,142,63,,
83,2016-09-29,MANDAITIVU,4,9,F,1,67,109,42,,
84,2016-09-29,MANDAITIVU,4,10,M,2,108,114,52,,
85,2016-09-29,MANDAITIVU,4,11,M,2,189,132,64,,
86,2016-09-29,MANDAITIVU,4,12,M,2,104,112,55,,
87,2016-09-29,MANDAITIVU,4,13,M,2,142,126,54,,
88,2016-09-29,MANDAITIVU,4,14,M,2,106,112,56,,
89,2016-09-29,MANDAITIVU,4,15,M,2,271,146,72,,
90,2016-09-29,MANDAITIVU,4,16,M,2,124,123,56,,
91,2016-09-29,MANDAITIVU,4,17,M,2,116,124,55,,
92,2016-09-29,MANDAITIVU,4,18,F,2,131,129,57,,
93,2016-09-29,MANDAITIVU,4,19,M,2,127,126,58,,
94,2016-09-29,MANDAITIVU,4,20,F,3,114,126,56,3,17
95,2016-09-29,MANDAITIVU,4,21,F,2,83,112,50,,
96,2016-09-29,MANDAITIVU,4,22,F,1,53,97,42,,
97,2016-09-29,MANDAITIVU,4,23,F,1,78,111,49,,
98,2016-09-29,MANDAITIVU,4,24,M,2,104,113,54,,
99,2016-09-29,MANDAITIVU,4,25,M,2,135,123,57,,
100,2016-09-29,MANDAITIVU,4,26,M,2,178,136,64,,
101,2016-09-29,MANDAITIVU,4,27,F,1,79,111,48,,
102,2016-09-29,MANDAITIVU,4,28,M,2,107,123,57,,
103,2016-09-29,MANDAITIVU,4,29,M,2,108,117,56,,
104,2016-09-29,MANDAITIVU,4,30,F,2,123,122,56,,
105,2016-09-29,MANDAITIVU,5,1,F,2,117,122,56,,
106,2016-09-29,MANDAITIVU,5,2,M,2,220,144,67,,
107,2016-09-29,MANDAITIVU,5,3,M,2,142,126,59,,
108,2016-09-29,MANDAITIVU,5,4,M,2,168,137,61,,
109,2016-09-29,MANDAITIVU,5,5,M,2,123,119,56,,
110,2016-09-29,MANDAITIVU,5,6,M,2,147,129,62,,
111,2016-09-29,MANDAITIVU,5,7,M,2,122,123,56,,
112,2016-09-29,MANDAITIVU,5,8,F,3,159,129,58,6,18
113,2016-09-29,MANDAITIVU,5,9,M,2,136,125,58,,
114,2016-09-29,MANDAITIVU,5,10,F,2,147,134,58,,
115,2016-09-29,MANDAITIVU,5,11,M,2,138,126,59,,
116,2016-09-29,MANDAITIVU,5,12,M,2,151,126,60,,
117,2016-09-29,MANDAITIVU,5,13,M,2,134,119,57,,
118,2016-09-29,MANDAITIVU,5,14,F,2,108,120,53,,
119,2016-09-29,MANDAITIVU,5,15,F,2,120,123,57,,
120,2016-09-29,MANDAITIVU,5,16,F,2,137,133,59,,
121,2016-09-29,MANDAITIVU,5,17,M,2,136,125,59,,
122,2016-09-29,MANDAITIVU,5,18,M,2,216,147,66,,
123,2016-09-29,MANDAITIVU,5,19,M,2,184,135,65,,
124,2016-09-29,MANDAITIVU,5,20,F,1,75,108,48,,
125,2016-09-29,MANDAITIVU,5,21,M,2,170,135,63,,
126,2016-09-29,MANDAITIVU,5,22,M,2,160,127,60,,
127,2016-09-29,MANDAITIVU,5,23,M,2,156,125,60,,
128,2016-09-29,MANDAITIVU,5,24,F,2,122,123,59,,
129,2016-09-29,MANDAITIVU,5,25,F,2,150,132,60,,
130,2016-09-29,MANDAITIVU,5,26,M,2,163,129,61,,
131,2016-09-29,MANDAITIVU,5,27,M,2,115,124,55,,
132,2016-09-29,MANDAITIVU,5,28,M,2,176,135,65,,
133,2016-09-29,MANDAITIVU,5,29,M,2,123,117,55,,
134,2016-09-29,MANDAITIVU,5,30,M,2,138,121,59,,
135,2016-09-30,MANDAITIVU,10,1,M,2,180,135,61,,
136,2016-09-30,MANDAITIVU,10,2,M,2,140,130,59,,
137,2016-09-30,MANDAITIVU,10,3,M,2,220,134,64,,
138,2016-09-30,MANDAITIVU,10,4,F,1,92,114,52,,
139,2016-09-30,MANDAITIVU,10,5,M,2,217,144,66,,
140,2016-09-30,MANDAITIVU,10,6,M,2,187,135,62,,
141,2016-09-30,MANDAITIVU,10,7,M,2,178,134,62,,
142,2016-09-30,MANDAITIVU,10,8,F,2,106,117,53,,
143,2016-09-30,MANDAITIVU,10,9,M,2,167,130,61,,
144,2016-09-30,MANDAITIVU,10,10,F,2,100,115,51,,
145,2016-09-30,MANDAITIVU,10,11,M,2,177,134,60,,
146,2016-09-30,MANDAITIVU,10,12,M,2,198,136,62,,
147,2016-09-30,MANDAITIVU,10,13,F,2,132,127,57,,
148,2016-09-30,MANDAITIVU,10,14,F,2,135,127,59,,
149,2016-09-30,MANDAITIVU,10,15,M,2,135,123,56,,
150,2016-09-30,MANDAITIVU,10,16,F,2,134,127,55,,
151,2016-09-30,MANDAITIVU,10,17,M,2,142,124,57,,
152,2016-09-30,MANDAITIVU,10,18,M,2,163,129,61,,
153,2016-09-30,MANDAITIVU,10,19,F,2,169,140,59,,
154,2016-09-30,MANDAITIVU,10,20,M,2,174,133,63,,
155,2016-09-30,MANDAITIVU,10,21,M,2,163,131,57,,
156,2016-09-30,MANDAITIVU,10,22,M,2,251,144,68,,
157,2016-09-30,MANDAITIVU,10,23,M,2,193,134,60,,
158,2016-09-30,MANDAITIVU,10,24,M,2,213,137,65,,
159,2016-09-30,MANDAITIVU,10,25,M,2,164,129,61,,
160,2016-09-30,MANDAITIVU,10,26,F,2,122,121,54,,
161,2016-09-30,MANDAITIVU,10,27,M,2,145,124,56,,
162,2016-09-30,MANDAITIVU,10,28,F,2,155,129,59,,
163,2016-09-30,MANDAITIVU,10,29,M,2,191,134,63,,
164,2016-09-30,MANDAITIVU,10,30,F,2,182,142,64,,
165,2016-09-30,MANDAITIVU,10,31,M,2,112,119,50,,
166,2016-09-30,MANDAITIVU,10,32,F,2,113,120,55,,
167,2016-09-30,MANDAITIVU,6,1,M,2,291,154,73,,
168,2016-09-30,MANDAITIVU,6,2,M,2,262,142,70,,
169,2016-09-30,MANDAITIVU,6,3,M,2,218,137,65,,
170,2016-09-30,MANDAITIVU,6,4,M,2,219,136,68,,
171,2016-09-30,MANDAITIVU,6,5,M,2,215,144,67,,
172,2016-09-30,MANDAITIVU,6,6,M,2,188,134,64,,
173,2016-09-30,MANDAITIVU,6,7,F,2,85,109,49,0,
174,2016-09-30,MANDAITIVU,6,8,F,2,105,114,54,0,
175,2016-09-30,MANDAITIVU,6,9,M,2,309,155,73,,
176,2016-09-30,MANDAITIVU,6,10,F,2,160,132,60,,
177,2016-09-30,MANDAITIVU,6,11,M,2,260,137,64,,
178,2016-09-30,MANDAITIVU,6,12,M,2,221,137,65,,
179,2016-09-30,MANDAITIVU,6,13,M,2,175,132,60,,
180,2016-09-30,MANDAITIVU,6,14,M,2,123,124,57,,
181,2016-09-30,MANDAITIVU,6,15,F,2,134,123,57,,
182,2016-09-30,MANDAITIVU,6,16,M,2,220,144,70,,
183,2016-09-30,MANDAITIVU,6,17,F,2,114,116,54,,
184,2016-09-30,MANDAITIVU,6,18,F,1,93,110,49,,
185,2016-09-30,MANDAITIVU,6,19,F,2,134,120,58,0,
186,2016-09-30,MANDAITIVU,6,20,F,2,117,118,50,,
187,2016-09-30,MANDAITIVU,6,21,F,2,119,124,56,,
188,2016-09-30,MANDAITIVU,6,22,M,2,251,146,68,,
189,2016-09-30,MANDAITIVU,6,23,F,2,76,105,47,0,
190,2016-09-30,MANDAITIVU,6,24,F,2,144,124,59,0,
191,2016-09-30,MANDAITIVU,6,25,F,2,108,117,53,,
192,2016-09-30,MANDAITIVU,6,26,F,2,161,136,61,,
193,2016-09-30,MANDAITIVU,6,27,F,2,130,125,58,,
194,2016-09-30,MANDAITIVU,6,28,M,2,217,135,65,,
195,2016-09-30,MANDAITIVU,6,29,F,2,130,119,58,,
196,2016-09-30,MANDAITIVU,6,30,M,2,213,142,64,,
197,2016-09-30,MANDAITIVU,6,31,M,2,277,157,73,,
198,2016-09-30,MANDAITIVU,6,32,M,2,215,138,65,,
199,2016-09-30,MANDAITIVU,6,33,M,2,168,123,62,,
200,2016-09-30,MANDAITIVU,7,1,M,2,264,154,73,,
201,2016-09-30,MANDAITIVU,7,2,M,2,196,134,65,,
202,2016-09-30,MANDAITIVU,7,3,M,2,188,133,63,,
203,2016-09-30,MANDAITIVU,7,4,F,2,64,99,45,0,
204,2016-09-30,MANDAITIVU,7,5,F,1,73,104,48,,
205,2016-09-30,MANDAITIVU,7,6,F,3,190,135,62,2,20
206,2016-09-30,MANDAITIVU,7,7,M,2,231,146,68,,
207,2016-09-30,MANDAITIVU,7,8,F,2,202,145,66,,
208,2016-09-30,MANDAITIVU,7,9,M,2,153,126,59,,
209,2016-09-30,MANDAITIVU,7,10,F,2,102,115,55,,
210,2016-09-30,MANDAITIVU,7,11,F,2,163,132,62,,
211,2016-09-30,MANDAITIVU,7,12,M,2,282,157,76,,
212,2016-09-30,MANDAITIVU,7,13,M,2,131,127,57,,
213,2016-09-30,MANDAITIVU,7,14,F,2,132,128,57,,
214,2016-09-30,MANDAITIVU,7,15,F,2,95,106,53,,
215,2016-09-30,MANDAITIVU,7,16,M,2,155,133,62,,
216,2016-09-30,MANDAITIVU,7,17,M,2,200,137,63,,
217,2016-09-30,MANDAITIVU,7,18,M,2,319,163,78,,
218,2016-09-30,MANDAITIVU,7,19,F,2,75,105,48,0,
219,2016-09-30,MANDAITIVU,7,20,M,2,201,144,65,,
220,2016-09-30,MANDAITIVU,7,21,F,2,157,134,61,,
221,2016-09-30,MANDAITIVU,7,22,F,2,161,143,64,,
222,2016-09-30,MANDAITIVU,7,23,F,2,170,139,60,,
223,2016-09-30,MANDAITIVU,7,24,M,2,115,123,55,,
224,2016-09-30,MANDAITIVU,7,25,M,2,108,119,54,,
225,2016-09-30,MANDAITIVU,7,26,M,2,182,134,64,,
226,2016-09-30,MANDAITIVU,7,27,M,2,137,129,55,,
227,2016-09-30,MANDAITIVU,7,28,F,3,130,124,58,3,13
228,2016-09-30,MANDAITIVU,7,29,F,2,73,109,49,0,
229,2016-09-30,MANDAITIVU,7,30,F,2,160,133,63,,
230,2016-09-30,MANDAITIVU,7,31,M,2,157,130,59,,
231,2016-09-30,MANDAITIVU,7,32,M,2,157,128,63,,
232,2016-09-30,MANDAITIVU,8,1,M,2,178,136,68,,
233,2016-09-30,MANDAITIVU,8,2,F,3,206,144,65,6,44
234,2016-09-30,MANDAITIVU,8,3,M,2,101,116,52,,
235,2016-09-30,MANDAITIVU,8,4,M,2,156,129,59,,
236,2016-09-30,MANDAITIVU,8,5,M,2,161,127,60,,
237,2016-09-30,MANDAITIVU,8,6,F,2,106,121,56,,
238,2016-09-30,MANDAITIVU,8,7,M,2,121,123,58,,
239,2016-09-30,MANDAITIVU,8,8,M,2,143,126,56,,
240,2016-09-30,MANDAITIVU,8,9,F,2,61,100,47,,
241,2016-09-30,MANDAITIVU,8,10,M,2,183,144,68,,
242,2016-09-30,MANDAITIVU,8,11,M,2,145,127,60,,
243,2016-09-30,MANDAITIVU,8,12,M,2,164,135,62,,
244,2016-09-30,MANDAITIVU,8,13,F,3,206,134,64,5,38
245,2016-09-30,MANDAITIVU,8,14,M,2,159,128,63,,
246,2016-09-30,MANDAITIVU,8,15,M,2,157,127,59,,
247,2016-09-30,MANDAITIVU,8,16,M,2,161,136,64,,
248,2016-09-30,MANDAITIVU,8,17,M,2,231,144,65,,
249,2016-09-30,MANDAITIVU,8,18,M,2,162,129,62,,
250,2016-09-30,MANDAITIVU,8,19,M,2,186,139,69,,
251,2016-09-30,MANDAITIVU,8,20,F,3,155,128,58,3,22
252,2016-09-30,MANDAITIVU,8,21,M,2,123,125,54,,
253,2016-09-30,MANDAITIVU,8,22,F,1,64,105,47,,
254,2016-09-30,MANDAITIVU,8,23,M,2,187,137,64,,
255,2016-09-30,MANDAITIVU,8,24,M,2,149,129,61,,
256,2016-09-30,MANDAITIVU,8,25,M,2,243,139,70,,
257,2016-09-30,MANDAITIVU,8,26,M,2,152,127,60,,
258,2016-09-30,MANDAITIVU,8,27,M,2,130,125,53,,
259,2016-09-30,MANDAITIVU,8,28,F,2,145,130,59,,
260,2016-09-30,MANDAITIVU,8,29,M,2,156,131,58,,
261,2016-09-30,MANDAITIVU,8,30,M,2,102,123,57,,
262,2016-09-30,MANDAITIVU,8,31,F,2,133,129,56,,
263,2016-09-30,MANDAITIVU,8,32,M,2,175,134,62,,
264,2016-09-30,MANDAITIVU,8,33,M,2,206,141,69,,
265,2016-09-30,MANDAITIVU,8,34,F,3,113,114,52,2,15
266,2016-09-30,MANDAITIVU,8,35,M,2,157,131,62,,
267,2016-09-30,MANDAITIVU,8,36,M,2,178,140,60,,
268,2016-09-30,MANDAITIVU,9,1,F,2,142,126,52,0,
269,2016-09-30,MANDAITIVU,9,2,M,2,207,139,63,,
270,2016-09-30,MANDAITIVU,9,3,M,2,138,133,59,,
271,2016-09-30,MANDAITIVU,9,4,F,3,185,134,62,1,21
272,2016-09-30,MANDAITIVU,9,5,M,2,140,133,55,,
273,2016-09-30,MANDAITIVU,9,6,M,2,107,119,53,,
274,2016-09-30,MANDAITIVU,9,7,F,3,263,147,68,2,36
275,2016-09-30,MANDAITIVU,9,8,F,2,102,108,48,0,
276,2016-09-30,MANDAITIVU,9,9,F,2,77,105,48,0,
277,2016-09-30,MANDAITIVU,9,10,M,2,143,132,57,,
278,2016-09-30,MANDAITIVU,9,11,F,3,176,130,58,2,30
279,2016-09-30,MANDAITIVU,9,12,M,2,156,126,59,,
280,2016-09-30,MANDAITIVU,9,13,F,2,91,116,50,,
281,2016-09-30,MANDAITIVU,9,14,M,2,151,125,57,,
282,2016-09-30,MANDAITIVU,9,15,F,3,86,110,48,3,13
283,2016-09-30,MANDAITIVU,9,16,M,2,122,122,58,,
284,2016-09-30,MANDAITIVU,9,17,F,3,119,138,65,6,39
285,2016-09-30,MANDAITIVU,9,18,F,2,92,115,51,,
286,2016-09-30,MANDAITIVU,9,19,F,2,131,124,59,,
287,2016-09-30,MANDAITIVU,9,20,M,2,96,110,52,,
288,2016-09-30,MANDAITIVU,9,21,M,2,253,152,72,,
289,2016-09-30,MANDAITIVU,9,22,F,2,112,123,54,,
290,2016-09-30,MANDAITIVU,9,23,F,3,151,125,52,3,22
291,2016-09-30,MANDAITIVU,9,24,M,2,130,127,55,,
292,2016-09-30,MANDAITIVU,9,25,F,2,105,117,52,,
293,2016-09-30,MANDAITIVU,9,26,F,2,129,126,59,,
294,2016-09-30,MANDAITIVU,9,27,F,3,144,127,55,6,
295,2016-09-30,MANDAITIVU,9,28,F,2,110,124,51,,
296,2016-09-30,MANDAITIVU,9,29,M,2,176,138,62,,
297,2016-10-03,MANDAITIVU,11,1,F,2,90,121,53,,
298,2016-10-03,MANDAITIVU,11,2,F,2,108,121,56,,
299,2016-10-03,MANDAITIVU,11,3,F,2,96,123,47,,
300,2016-10-03,MANDAITIVU,11,4,M,2,182,136,66,,
301,2016-10-03,MANDAITIVU,11,5,M,2,153,130,61,,
302,2016-10-03,MANDAITIVU,11,6,F,3,170,130,56,5,31
303,2016-10-03,MANDAITIVU,11,7,F,2,114,126,58,,
304,2016-10-03,MANDAITIVU,11,8,F,2,178,136,62,,
305,2016-10-03,MANDAITIVU,11,9,M,2,154,134,57,,
306,2016-10-03,MANDAITIVU,11,10,M,2,212,143,64,,
307,2016-10-03,MANDAITIVU,11,11,F,2,283,155,68,,
308,2016-10-03,MANDAITIVU,11,12,F,2,124,123,55,,
309,2016-10-03,MANDAITIVU,11,13,F,2,109,124,56,,
310,2016-10-03,MANDAITIVU,11,14,F,2,121,129,56,,
311,2016-10-03,MANDAITIVU,11,15,F,2,140,126,57,,
312,2016-10-03,MANDAITIVU,11,16,F,2,128,126,54,,
313,2016-10-03,MANDAITIVU,11,17,F,2,206,128,67,,
314,2016-10-03,MANDAITIVU,11,18,M,2,147,124,56,,
315,2016-10-03,MANDAITIVU,11,19,F,2,105,130,57,,
316,2016-10-03,MANDAITIVU,11,20,M,2,198,136,59,,
317,2016-10-03,MANDAITIVU,11,21,F,1,70,105,45,,
318,2016-10-03,MANDAITIVU,11,22,M,2,278,153,73,,
319,2016-10-03,MANDAITIVU,11,23,M,2,82,109,45,,
320,2016-10-03,MANDAITIVU,11,24,M,2,112,119,53,,
321,2016-10-03,MANDAITIVU,11,25,F,2,136,129,56,,
322,2016-10-03,MANDAITIVU,11,26,M,2,125,125,54,,
323,2016-10-03,MANDAITIVU,11,27,F,2,101,115,53,,
324,2016-10-03,MANDAITIVU,11,28,M,2,96,117,49,,
325,2016-10-03,MANDAITIVU,11,29,M,2,174,133,58,,
326,2016-10-03,MANDAITIVU,11,30,M,2,153,129,57,,
327,2016-10-03,MANDAITIVU,11,31,M,2,141,125,53,,
328,2016-10-03,MANDAITIVU,11,32,M,2,135,121,53,,
329,2016-10-03,MANDAITIVU,11,33,M,2,125,122,56,,
330,2016-10-03,MANDAITIVU,11,34,M,2,213,150,66,,
331,2016-10-03,MANDAITIVU,11,35,F,2,219,151,65,,
332,2016-10-03,MANDAITIVU,11,36,M,2,268,147,69,,
333,2016-10-03,MANDAITIVU,11,37,M,2,54,91,43,,
334,2016-10-03,MANDAITIVU,11,38,M,2,77,106,47,,
335,2016-10-03,MANDAITIVU,12,1,M,2,215,145,69,,
336,2016-10-03,MANDAITIVU,12,2,M,2,259,153,70,,
337,2016-10-03,MANDAITIVU,12,3,M,2,225,140,61,,
338,2016-10-03,MANDAITIVU,12,4,F,2,187,138,62,,
339,2016-10-03,MANDAITIVU,12,5,F,2,119,123,53,0,
340,2016-10-03,MANDAITIVU,12,6,M,2,165,133,57,,
341,2016-10-03,MANDAITIVU,12,7,M,2,206,144,62,,
342,2016-10-03,MANDAITIVU,12,8,F,1,65,99,44,,
343,2016-10-03,MANDAITIVU,12,9,M,2,173,136,59,,
344,2016-10-03,MANDAITIVU,12,10,M,2,170,130,56,,
345,2016-10-03,MANDAITIVU,12,11,M,2,116,119,51,,
346,2016-10-03,MANDAITIVU,12,12,M,2,183,134,57,,
347,2016-10-03,MANDAITIVU,12,13,M,2,262,149,69,,
348,2016-10-03,MANDAITIVU,12,14,M,2,251,144,61,,
349,2016-10-03,MANDAITIVU,12,15,M,2,256,144,62,,
350,2016-10-03,MANDAITIVU,12,16,M,2,144,126,56,,
351,2016-10-03,MANDAITIVU,12,17,F,2,111,118,51,,
352,2016-10-03,MANDAITIVU,12,18,F,2,58,94,39,0,
353,2016-10-03,MANDAITIVU,12,19,M,2,188,134,61,,
354,2016-10-03,MANDAITIVU,12,20,M,2,167,129,59,,
355,2016-10-03,MANDAITIVU,12,21,M,2,251,152,69,,
356,2016-10-03,MANDAITIVU,12,22,M,2,196,142,62,,
357,2016-10-03,MANDAITIVU,12,23,M,2,198,138,62,,
358,2016-10-03,MANDAITIVU,12,24,M,2,247,145,65,,
359,2016-10-03,MANDAITIVU,12,25,M,2,243,141,65,,
360,2016-10-03,MANDAITIVU,12,26,M,2,218,143,63,,
361,2016-10-03,MANDAITIVU,12,27,F,2,85,110,45,0,
362,2016-10-03,MANDAITIVU,12,28,M,2,102,111,47,0,
363,2016-10-03,MANDAITIVU,12,29,F,2,131,127,57,,
364,2016-10-03,MANDAITIVU,12,30,F,2,71,105,45,,
365,2016-10-03,MANDAITIVU,12,31,F,2,129,124,54,,
366,2016-10-03,MANDAITIVU,13,1,F,2,142,122,56,0,
367,2016-10-03,MANDAITIVU,13,2,M,2,156,127,57,,
368,2016-10-03,MANDAITIVU,13,3,F,2,109,117,58,,
369,2016-10-03,MANDAITIVU,13,4,M,2,296,155,57,,
370,2016-10-03,MANDAITIVU,13,5,M,2,114,139,69,,
371,2016-10-03,MANDAITIVU,13,6,M,2,235,143,64,,
372,2016-10-03,MANDAITIVU,13,7,F,2,102,113,53,0,
373,2016-10-03,MANDAITIVU,13,8,M,2,216,141,62,,
374,2016-10-03,MANDAITIVU,13,9,M,2,231,144,67,,
375,2016-10-03,MANDAITIVU,13,10,M,2,181,136,60,,
376,2016-10-03,MANDAITIVU,13,11,M,2,152,127,57,,
377,2016-10-03,MANDAITIVU,13,12,M,2,264,150,69,,
378,2016-10-03,MANDAITIVU,13,13,M,2,234,142,63,,
379,2016-10-03,MANDAITIVU,13,14,M,2,242,143,67,,
380,2016-10-03,MANDAITIVU,13,15,M,2,214,141,65,,
381,2016-10-03,MANDAITIVU,13,16,M,2,127,122,56,,
382,2016-10-03,MANDAITIVU,13,17,M,2,207,143,67,,
383,2016-10-03,MANDAITIVU,13,18,M,2,159,126,56,,
384,2016-10-03,MANDAITIVU,13,19,M,2,248,153,66,,
385,2016-10-03,MANDAITIVU,13,20,F,2,116,119,54,,
386,2016-10-03,MANDAITIVU,13,21,F,2,112,118,54,0,
387,2016-10-03,MANDAITIVU,13,22,F,2,116,123,55,,
388,2016-10-03,MANDAITIVU,13,23,M,2,225,138,64,,
389,2016-10-03,MANDAITIVU,13,24,M,2,269,150,68,,
390,2016-10-03,MANDAITIVU,13,25,M,2,240,149,64,,
391,2016-10-03,MANDAITIVU,13,26,M,2,231,143,65,,
392,2016-10-03,MANDAITIVU,13,27,M,2,209,137,62,,
393,2016-10-03,MANDAITIVU,13,28,M,2,263,144,68,,
394,2016-10-03,MANDAITIVU,13,29,M,2,272,146,68,,
395,2016-10-03,MANDAITIVU,13,30,F,1,79,105,43,,
396,2016-10-03,MANDAITIVU,13,31,F,2,99,110,49,0,
397,2016-10-03,MANDAITIVU,13,32,F,2,94,111,47,0,4
398,2016-10-03,MANDAITIVU,13,33,M,2,186,137,58,,
399,2016-10-03,MANDAITIVU,14,1,M,2,147,127,53,,
400,2016-10-03,MANDAITIVU,14,2,M,2,116,118,52,,
401,2016-10-03,MANDAITIVU,14,3,M,2,220,141,64,,
402,2016-10-03,MANDAITIVU,14,4,F,2,141,125,55,,
403,2016-10-03,MANDAITIVU,14,5,M,2,179,144,62,,
404,2016-10-03,MANDAITIVU,14,6,M,2,97,113,45,,
405,2016-10-03,MANDAITIVU,14,7,F,2,125,127,55,,
406,2016-10-03,MANDAITIVU,14,8,F,2,144,134,57,,
407,2016-10-03,MANDAITIVU,14,9,F,2,104,119,50,,
408,2016-10-03,MANDAITIVU,14,10,F,2,134,131,54,,
409,2016-10-03,MANDAITIVU,14,11,F,2,153,131,57,,
410,2016-10-03,MANDAITIVU,14,12,M,2,90,116,49,,
411,2016-10-03,MANDAITIVU,14,13,F,3,156,126,58,5,33
412,2016-10-03,MANDAITIVU,14,14,M,2,153,127,57,,
413,2016-10-03,MANDAITIVU,14,15,M,2,132,119,52,,
414,2016-10-03,MANDAITIVU,14,16,F,2,152,132,55,,
415,2016-10-03,MANDAITIVU,14,17,M,2,153,134,55,,
416,2016-10-03,MANDAITIVU,14,18,F,2,111,127,50,,
417,2016-10-03,MANDAITIVU,14,19,F,2,141,128,55,,
418,2016-10-03,MANDAITIVU,14,20,M,2,159,125,55,,
419,2016-10-03,MANDAITIVU,14,21,F,3,245,147,67,2,36
420,2016-10-03,MANDAITIVU,14,22,F,2,168,139,63,,
421,2016-10-03,MANDAITIVU,14,23,F,2,132,127,57,,
422,2016-10-03,MANDAITIVU,14,24,F,1,78,105,45,,
423,2016-10-03,MANDAITIVU,14,25,M,2,100,115,49,,
424,2016-10-03,MANDAITIVU,14,26,M,2,228,144,65,,
425,2016-10-03,MANDAITIVU,14,27,F,3,122,120,54,3,13
426,2016-10-03,MANDAITIVU,14,28,M,2,201,138,60,,
427,2016-10-03,MANDAITIVU,14,29,M,2,164,132,59,,
428,2016-10-03,MANDAITIVU,14,30,F,2,176,134,58,,
429,2016-10-03,MANDAITIVU,14,31,F,2,142,131,58,,
430,2016-10-03,MANDAITIVU,14,32,F,2,109,124,50,,
431,2016-10-03,MANDAITIVU,14,33,M,2,174,137,57,,
432,2016-10-03,MANDAITIVU,14,34,M,2,103,118,50,,
433,2016-10-03,MANDAITIVU,14,35,M,2,156,126,57,,
434,2016-10-03,MANDAITIVU,14,36,M,2,128,121,52,,
435,2016-10-03,MANDAITIVU,14,37,M,2,128,127,55,,
436,2016-10-03,MANDAITIVU,14,38,F,2,89,110,47,,
437,2016-10-03,MANDAITIVU,14,39,F,2,133,133,55,,
438,2016-10-03,MANDAITIVU,14,40,F,2,151,138,56,,
439,2016-10-03,MANDAITIVU,14,41,M,2,134,124,54,,
440,2016-10-03,MANDAITIVU,14,42,M,2,201,136,62,,
441,2016-10-03,MANDAITIVU,14,43,M,2,97,117,49,,
442,2016-10-03,MANDAITIVU,14,44,M,2,117,120,54,,
443,2016-10-03,MANDAITIVU,15,1,M,2,152,124,58,,
444,2016-10-03,MANDAITIVU,15,2,M,2,151,130,58,,
445,2016-10-03,MANDAITIVU,15,3,M,2,193,137,61,,
446,2016-10-03,MANDAITIVU,15,4,F,3,183,136,60,2,27
447,2016-10-03,MANDAITIVU,15,5,M,2,221,146,67,,
448,2016-10-03,MANDAITIVU,15,6,M,2,198,136,65,,
449,2016-10-03,MANDAITIVU,15,7,F,2,126,131,57,,
450,2016-10-03,MANDAITIVU,15,8,M,2,110,119,56,,
451,2016-10-03,MANDAITIVU,15,9,F,2,165,140,62,,
452,2016-10-03,MANDAITIVU,15,10,F,3,242,138,62,5,49
453,2016-10-03,MANDAITIVU,15,11,F,1,74,105,45,,
454,2016-10-03,MANDAITIVU,15,12,F,2,89,111,45,0,
455,2016-10-03,MANDAITIVU,15,13,F,2,214,144,66,,
456,2016-10-03,MANDAITIVU,15,14,M,2,137,124,56,,
457,2016-10-03,MANDAITIVU,15,15,M,2,180,136,62,,
458,2016-10-03,MANDAITIVU,15,16,M,2,141,130,57,,
459,2016-10-03,MANDAITIVU,15,17,F,2,150,132,60,,
460,2016-10-03,MANDAITIVU,15,18,M,2,143,125,61,,
461,2016-10-03,MANDAITIVU,15,19,F,2,211,145,68,,
462,2016-10-03,MANDAITIVU,15,20,M,2,338,160,72,,
463,2016-10-03,MANDAITIVU,15,21,M,2,133,119,57,,
464,2016-10-03,MANDAITIVU,15,22,F,2,92,113,51,,
465,2016-10-03,MANDAITIVU,15,23,M,2,175,129,59,,
466,2016-10-03,MANDAITIVU,15,24,M,2,146,128,57,,
467,2016-10-03,MANDAITIVU,15,25,F,3,125,119,51,4,17
468,2016-10-03,MANDAITIVU,15,26,M,2,84,116,47,,
469,2016-10-03,MANDAITIVU,15,27,M,2,180,134,61,,
470,2016-10-03,MANDAITIVU,15,28,F,3,148,123,54,3,22
471,2016-10-03,MANDAITIVU,15,29,F,2,99,119,52,,
472,2016-10-03,MANDAITIVU,15,30,F,2,76,104,46,0,
473,2016-10-03,MANDAITIVU,15,31,M,2,200,131,60,,
474,2016-10-03,MANDAITIVU,15,32,F,2,98,123,51,,
475,2016-10-03,MANDAITIVU,15,33,M,2,130,125,56,,
476,2016-10-03,MANDAITIVU,15,34,F,2,127,118,57,,
477,2016-10-03,MANDAITIVU,15,35,M,2,225,142,64,,
478,2016-10-03,MANDAITIVU,15,36,M,2,139,126,57,,
479,2016-10-03,MANDAITIVU,15,37,M,2,99,115,51,,
480,2016-10-03,MANDAITIVU,15,38,F,2,136,128,56,,
481,2016-10-03,MANDAITIVU,15,39,M,2,161,133,59,,
482,2016-10-03,MANDAITIVU,15,40,M,2,140,128,56,,
483,2016-10-03,MANDAITIVU,15,41,M,2,89,111,49,,
484,2016-10-03,MANDAITIVU,15,42,F,3,178,130,59,5,26
485,2016-10-03,MANDAITIVU,16,1,M,2,235,145,66,,
486,2016-10-03,MANDAITIVU,16,2,M,2,268,149,70,,
487,2016-10-03,MANDAITIVU,16,3,M,2,156,129,57,,
488,2016-10-03,MANDAITIVU,16,4,M,2,154,124,56,,
489,2016-10-03,MANDAITIVU,16,5,M,2,149,123,58,,
490,2016-10-03,MANDAITIVU,16,6,F,2,134,128,59,,
491,2016-10-03,MANDAITIVU,16,7,M,2,161,130,58,,
492,2016-10-03,MANDAITIVU,16,8,F,2,155,138,61,,
493,2016-10-03,MANDAITIVU,16,9,M,2,245,148,68,,
494,2016-10-03,MANDAITIVU,16,10,M,2,168,130,60,,
495,2016-10-03,MANDAITIVU,16,11,M,2,132,123,56,,
496,2016-10-03,MANDAITIVU,16,12,M,2,194,139,65,,
497,2016-10-03,MANDAITIVU,16,13,F,2,133,128,57,,
498,2016-10-03,MANDAITIVU,16,14,F,2,115,121,57,,
499,2016-10-03,MANDAITIVU,16,15,F,2,105,123,54,,
500,2016-10-03,MANDAITIVU,16,16,M,2,134,122,57,,
501,2016-10-03,MANDAITIVU,16,17,M,2,167,131,64,,
502,2016-10-03,MANDAITIVU,16,18,M,2,114,115,56,,
503,2016-10-03,MANDAITIVU,16,19,M,2,115,117,55,,
504,2016-10-03,MANDAITIVU,16,20,M,2,133,122,53,,
505,2016-10-03,MANDAITIVU,16,21,M,2,119,119,53,,
506,2016-10-03,MANDAITIVU,16,22,M,2,209,142,64,,
507,2016-10-03,MANDAITIVU,16,23,F,2,127,127,55,,
508,2016-10-03,MANDAITIVU,16,24,F,2,158,129,60,,
509,2016-10-03,MANDAITIVU,16,25,F,2,114,117,53,,
510,2016-10-03,MANDAITIVU,16,26,M,2,132,119,55,,
511,2016-10-03,MANDAITIVU,16,27,F,3,117,114,51,2,14
512,2016-10-03,MANDAITIVU,16,28,F,2,114,120,54,,
513,2016-10-03,MANDAITIVU,16,29,F,2,110,119,30,,
514,2016-10-03,MANDAITIVU,16,30,M,2,147,127,57,,
515,2016-10-03,MANDAITIVU,16,31,M,2,123,120,53,,
516,2016-10-03,MANDAITIVU,16,32,F,1,68,104,44,,
517,2016-10-03,MANDAITIVU,16,33,M,2,161,125,60,,
518,2016-10-03,MANDAITIVU,16,34,M,2,150,127,58,,
519,2016-10-03,MANDAITIVU,16,35,M,2,172,132,59,,
520,2016-10-03,MANDAITIVU,16,36,F,3,131,117,53,6,24
521,2016-10-03,MANDAITIVU,16,37,M,2,181,134,64,,
522,2016-10-03,MANDAITIVU,16,38,M,2,224,144,68,,
523,2016-10-03,MANDAITIVU,16,39,M,2,85,106,49,,
524,2016-10-03,MANDAITIVU,16,40,F,2,113,121,58,,
525,2016-10-03,MANDAITIVU,16,41,F,3,127,119,54,2,12
526,2016-10-03,MANDAITIVU,16,42,M,2,202,134,63,,
527,2016-10-03,MANDAITIVU,16,43,F,2,106,124,55,,
528,2016-10-03,MANDAITIVU,16,44,F,3,117,117,54,2,17
529,2016-10-04,MANDAITIVU,17,1,F,2,137,131,58,,
530,2016-10-04,MANDAITIVU,17,2,M,2,164,133,60,,
531,2016-10-04,MANDAITIVU,17,3,M,2,124,124,54,,
532,2016-10-04,MANDAITIVU,17,4,F,2,122,121,54,,
533,2016-10-04,MANDAITIVU,17,5,M,2,200,130,65,,
534,2016-10-04,MANDAITIVU,17,6,M,2,217,145,64,,
535,2016-10-04,MANDAITIVU,17,7,M,2,140,124,57,,
536,2016-10-04,MANDAITIVU,17,8,M,2,191,142,64,,
537,2016-10-04,MANDAITIVU,17,9,M,2,150,130,58,,
538,2016-10-04,MANDAITIVU,17,10,M,2,212,139,63,,
539,2016-10-04,MANDAITIVU,17,11,F,3,144,132,57,3,17
540,2016-10-04,MANDAITIVU,17,12,M,2,269,147,67,,
541,2016-10-04,MANDAITIVU,17,13,M,2,200,132,62,,
542,2016-10-04,MANDAITIVU,17,14,M,2,162,134,57,,
543,2016-10-04,MANDAITIVU,17,15,F,3,165,129,59,6,20
544,2016-10-04,MANDAITIVU,17,16,M,2,144,131,58,,
545,2016-10-04,MANDAITIVU,17,17,M,2,169,134,60,,
546,2016-10-04,MANDAITIVU,17,18,M,2,138,129,57,,
547,2016-10-04,MANDAITIVU,17,19,F,1,89,111,49,,
548,2016-10-04,MANDAITIVU,17,20,M,2,150,125,58,,
549,2016-10-04,MANDAITIVU,17,21,M,2,227,146,67,,
550,2016-10-04,MANDAITIVU,17,22,F,2,96,112,51,,
551,2016-10-04,MANDAITIVU,17,23,M,2,164,134,61,,
552,2016-10-04,MANDAITIVU,17,24,F,2,119,120,54,0,3
553,2016-10-04,MANDAITIVU,17,25,M,2,102,119,53,,
554,2016-10-04,MANDAITIVU,17,26,F,2,121,131,57,,
555,2016-10-04,MANDAITIVU,17,27,M,2,80,103,47,,
556,2016-10-04,MANDAITIVU,17,28,M,2,223,140,64,,
557,2016-10-04,MANDAITIVU,17,29,M,2,122,122,54,,
558,2016-10-04,MANDAITIVU,17,30,M,2,142,131,58,,
559,2016-10-04,MANDAITIVU,17,31,F,2,117,120,55,,
560,2016-10-04,MANDAITIVU,17,32,M,2,144,129,59,,
561,2016-10-04,MANDAITIVU,17,33,M,2,167,134,62,,
562,2016-10-04,MANDAITIVU,18,1,F,2,134,131,57,,
563,2016-10-04,MANDAITIVU,18,2,M,2,191,136,63,,
564,2016-10-04,MANDAITIVU,18,3,M,2,84,124,54,,
565,2016-10-04,MANDAITIVU,18,4,M,2,162,132,59,,
566,2016-10-04,MANDAITIVU,18,5,M,2,181,134,60,,
567,2016-10-04,MANDAITIVU,18,6,M,2,146,130,57,,
568,2016-10-04,MANDAITIVU,18,7,M,2,134,125,58,,
569,2016-10-04,MANDAITIVU,18,8,F,1,72,105,44,,
570,2016-10-04,MANDAITIVU,18,9,M,2,110,114,53,,
571,2016-10-04,MANDAITIVU,18,10,M,2,132,130,56,,
572,2016-10-04,MANDAITIVU,18,11,M,2,151,127,59,,
573,2016-10-04,MANDAITIVU,18,12,M,2,134,124,60,,
574,2016-10-04,MANDAITIVU,18,13,M,2,190,136,62,,
575,2016-10-04,MANDAITIVU,18,14,M,2,146,127,59,,
576,2016-10-04,MANDAITIVU,18,15,F,2,109,118,53,0,
577,2016-10-04,MANDAITIVU,18,16,M,2,200,140,62,,
578,2016-10-04,MANDAITIVU,18,17,M,2,140,127,58,,
579,2016-10-04,MANDAITIVU,18,18,M,2,140,131,57,,
580,2016-10-04,MANDAITIVU,18,19,M,2,150,135,64,,
581,2016-10-04,MANDAITIVU,18,20,M,2,177,136,60,,
582,2016-10-04,MANDAITIVU,18,21,F,2,120,123,54,,
583,2016-10-04,MANDAITIVU,18,22,F,2,118,119,53,,
584,2016-10-04,MANDAITIVU,18,23,M,2,135,123,58,,
585,2016-10-04,MANDAITIVU,18,24,M,2,127,125,57,,
586,2016-10-04,MANDAITIVU,18,25,M,2,146,128,59,,
587,2016-10-04,MANDAITIVU,18,26,F,2,137,131,59,,
588,2016-10-04,MANDAITIVU,18,27,F,2,126,128,56,,
589,2016-10-04,MANDAITIVU,18,28,F,2,117,121,54,,
590,2016-10-04,MANDAITIVU,18,29,M,2,189,136,62,,
591,2016-10-04,MANDAITIVU,18,30,F,2,101,124,53,,
592,2016-10-04,MANDAITIVU,18,31,M,2,168,129,60,,
593,2016-10-04,MANDAITIVU,18,32,M,2,198,142,62,,
594,2016-10-04,MANDAITIVU,18,33,M,2,229,145,62,,
595,2016-10-04,MANDAITIVU,18,34,M,2,174,139,62,,
596,2016-10-04,MANDAITIVU,18,35,M,2,172,132,63,,
597,2016-10-04,MANDAITIVU,19,1,F,3,140,118,54,5,22
598,2016-10-04,MANDAITIVU,19,2,M,2,238,153,67,,
599,2016-10-04,MANDAITIVU,19,3,M,2,118,124,55,,
600,2016-10-04,MANDAITIVU,19,4,M,2,136,125,54,,
601,2016-10-04,MANDAITIVU,19,5,M,2,211,140,66,,
602,2016-10-04,MANDAITIVU,19,6,M,2,157,129,59,,
603,2016-10-04,MANDAITIVU,19,7,M,2,223,142,65,,
604,2016-10-04,MANDAITIVU,19,8,M,2,177,135,62,,
605,2016-10-04,MANDAITIVU,19,9,M,2,159,129,60,,
606,2016-10-04,MANDAITIVU,19,10,F,2,127,124,59,,
607,2016-10-04,MANDAITIVU,19,11,F,2,127,133,54,,
608,2016-10-04,MANDAITIVU,19,12,M,2,184,136,63,,
609,2016-10-04,MANDAITIVU,19,13,M,2,163,131,59,,
610,2016-10-04,MANDAITIVU,19,14,M,2,131,124,55,,
611,2016-10-04,MANDAITIVU,19,15,M,2,157,133,60,,
612,2016-10-04,MANDAITIVU,19,16,M,2,156,135,61,,
613,2016-10-04,MANDAITIVU,19,17,M,2,160,130,58,,
614,2016-10-04,MANDAITIVU,19,18,M,2,103,119,51,,
615,2016-10-04,MANDAITIVU,19,19,F,2,115,122,54,,
616,2016-10-04,MANDAITIVU,19,20,M,2,132,123,56,,
617,2016-10-04,MANDAITIVU,19,21,M,2,198,137,62,,
618,2016-10-04,MANDAITIVU,19,22,M,2,108,117,53,,
619,2016-10-04,MANDAITIVU,19,23,F,2,128,124,60,,
620,2016-10-04,MANDAITIVU,19,24,M,2,127,125,52,,
621,2016-10-04,MANDAITIVU,19,25,F,2,110,116,53,,
622,2016-10-04,MANDAITIVU,19,26,M,2,245,147,68,,
623,2016-10-04,MANDAITIVU,19,27,M,2,153,129,58,,
624,2016-10-04,MANDAITIVU,19,28,M,2,175,130,60,,
625,2016-10-04,MANDAITIVU,19,29,M,2,173,132,59,,
626,2016-10-04,MANDAITIVU,19,30,M,2,185,137,63,,
627,2016-10-04,MANDAITIVU,19,31,M,2,131,126,56,,
628,2016-10-04,MANDAITIVU,19,32,M,2,103,116,51,,
629,2016-10-04,MANDAITIVU,19,33,M,2,166,134,61,,
630,2016-10-04,MANDAITIVU,19,34,M,2,158,131,59,,
631,2016-10-04,MANDAITIVU,19,35,F,2,93,114,52,,
632,2016-11-04,NAINATIVU_SOUTH,1,1,M,2,212,132,63,,
633,2016-11-04,NAINATIVU_SOUTH,1,2,F,3,261,150,63,3,34
634,2016-11-04,NAINATIVU_SOUTH,1,3,M,2,268,145,65,,
635,2016-11-04,NAINATIVU_SOUTH,1,4,M,2,282,147,67,,
636,2016-11-04,NAINATIVU_SOUTH,1,5,M,2,141,126,54,,
637,2016-11-04,NAINATIVU_SOUTH,1,6,F,3,154,122,52,3,23
638,2016-11-04,NAINATIVU_SOUTH,1,7,M,2,285,148,66,,
639,2016-11-04,NAINATIVU_SOUTH,1,8,M,2,189,130,59,,
640,2016-11-04,NAINATIVU_SOUTH,1,9,M,2,157,142,63,,
641,2016-11-04,NAINATIVU_SOUTH,1,10,M,2,204,134,59,,
642,2016-11-04,NAINATIVU_SOUTH,1,11,M,2,210,136,60,,
643,2016-11-04,NAINATIVU_SOUTH,1,12,M,2,234,136,62,,
644,2016-11-04,NAINATIVU_SOUTH,1,13,M,2,214,139,60,,
645,2016-11-04,NAINATIVU_SOUTH,1,14,M,2,229,142,62,,
646,2016-11-04,NAINATIVU_SOUTH,1,15,M,2,245,140,62,,
647,2016-11-04,NAINATIVU_SOUTH,1,16,M,2,227,139,60,,
648,2016-11-04,NAINATIVU_SOUTH,1,17,M,2,315,152,66,,
649,2016-11-04,NAINATIVU_SOUTH,1,18,M,2,194,134,58,,
650,2016-11-04,NAINATIVU_SOUTH,1,19,M,2,235,142,60,,
651,2016-11-04,NAINATIVU_SOUTH,1,20,F,2,98,115,48,,
652,2016-11-04,NAINATIVU_SOUTH,1,21,M,2,216,133,63,,
653,2016-11-04,NAINATIVU_SOUTH,1,22,M,2,298,144,64,,
654,2016-11-04,NAINATIVU_SOUTH,1,23,M,2,244,135,64,,
655,2016-11-04,NAINATIVU_SOUTH,1,24,M,2,173,125,58,,
656,2016-11-04,NAINATIVU_SOUTH,1,25,M,2,176,127,57,,
657,2016-11-04,NAINATIVU_SOUTH,1,26,M,2,180,134,60,,
658,2016-11-04,NAINATIVU_SOUTH,1,27,M,2,187,133,58,,
659,2016-11-04,NAINATIVU_SOUTH,1,28,M,2,279,144,65,,
660,2016-11-04,NAINATIVU_SOUTH,1,29,M,2,232,137,62,,
661,2016-11-04,NAINATIVU_SOUTH,1,30,M,2,215,133,62,,
662,2016-11-04,NAINATIVU_SOUTH,1,31,M,2,178,128,58,,
663,2016-11-04,NAINATIVU_SOUTH,1,32,M,2,236,145,63,,
664,2016-11-04,NAINATIVU_SOUTH,1,33,M,2,192,133,59,,
665,2016-11-04,NAINATIVU_SOUTH,1,34,M,2,167,130,60,,
666,2016-11-04,NAINATIVU_SOUTH,1,35,F,2,235,146,64,,
667,2016-11-04,NAINATIVU_SOUTH,1,36,F,2,181,144,60,,
668,2016-11-04,NAINATIVU_SOUTH,1,37,F,2,115,115,50,,
669,2016-11-04,NAINATIVU_SOUTH,1,38,M,2,170,130,58,,
670,2016-11-04,NAINATIVU_SOUTH,1,39,M,2,253,140,63,,
671,2016-11-04,NAINATIVU_SOUTH,1,40,F,2,158,129,58,,
672,2016-11-04,NAINATIVU_SOUTH,1,41,M,2,175,124,57,,
673,2016-11-04,NAINATIVU_SOUTH,1,42,F,2,154,128,56,,
674,2016-11-04,NAINATIVU_SOUTH,1,43,M,2,210,135,60,,
675,2016-11-04,NAINATIVU_SOUTH,1,44,M,2,212,136,60,,
676,2016-11-04,NAINATIVU_SOUTH,1,45,M,2,191,131,63,,
677,2016-11-04,NAINATIVU_SOUTH,1,46,M,2,192,135,59,,
678,2016-11-04,NAINATIVU_SOUTH,1,47,M,2,315,152,66,,
679,2016-11-04,NAINATIVU_SOUTH,1,48,M,2,201,137,59,,
680,2016-11-04,NAINATIVU_SOUTH,1,49,M,2,258,154,67,,
681,2016-11-04,NAINATIVU_SOUTH,1,50,M,2,175,132,58,,
682,2016-11-04,NAINATIVU_SOUTH,1,51,M,2,244,144,62,,
683,2016-11-04,NAINATIVU_SOUTH,1,52,M,2,221,138,59,,
684,2016-11-04,NAINATIVU_SOUTH,1,53,M,2,183,127,57,,
685,2016-11-04,NAINATIVU_SOUTH,1,54,M,2,304,156,70,,
686,2016-11-04,NAINATIVU_SOUTH,1,55,M,2,174,130,58,,
687,2016-11-04,NAINATIVU_SOUTH,1,56,M,2,240,138,63,,
688,2016-11-04,NAINATIVU_SOUTH,1,57,M,2,264,149,67,,
689,2016-11-04,NAINATIVU_SOUTH,1,58,M,2,281,148,67,,
690,2016-11-04,NAINATIVU_SOUTH,1,59,F,2,205,139,62,,
691,2016-11-04,NAINATIVU_SOUTH,1,60,M,2,111,136,60,,
692,2016-11-04,NAINATIVU_SOUTH,1,61,F,3,265,149,64,3,34
693,2016-11-04,NAINATIVU_SOUTH,1,62,M,2,283,148,67,,
694,2016-11-04,NAINATIVU_SOUTH,1,63,M,2,252,148,67,,
695,2016-11-04,NAINATIVU_SOUTH,1,64,M,2,257,152,65,,
696,2016-11-04,NAINATIVU_SOUTH,1,65,M,2,166,128,58,,
697,2016-11-04,NAINATIVU_SOUTH,1,66,M,2,196,133,59,,
698,2016-11-04,NAINATIVU_SOUTH,1,67,M,2,257,142,64,,
699,2016-11-04,NAINATIVU_SOUTH,1,68,M,2,313,148,68,,
700,2016-11-04,NAINATIVU_SOUTH,1,69,M,2,212,137,61,,
701,2016-11-04,NAINATIVU_SOUTH,1,70,M,2,212,133,60,,
702,2016-11-04,NAINATIVU_SOUTH,1,71,M,2,334,154,72,,
703,2016-11-04,NAINATIVU_SOUTH,1,72,F,2,176,138,58,,
704,2016-11-04,NAINATIVU_SOUTH,1,73,F,2,252,150,67,,
705,2016-11-04,NAINATIVU_SOUTH,1,74,M,2,177,131,58,,
706,2016-11-04,NAINATIVU_SOUTH,1,75,M,2,264,147,67,,
707,2016-11-04,NAINATIVU_SOUTH,1,76,M,2,235,139,63,,
708,2016-11-04,NAINATIVU_SOUTH,1,77,M,2,184,131,60,,
709,2016-11-04,NAINATIVU_SOUTH,1,78,F,2,189,143,60,,
710,2016-11-04,NAINATIVU_SOUTH,1,79,M,2,204,134,61,,
711,2016-11-04,NAINATIVU_SOUTH,1,80,M,2,230,135,62,,
712,2016-11-04,NAINATIVU_SOUTH,1,81,M,2,232,139,61,,
713,2016-11-04,NAINATIVU_SOUTH,1,82,M,2,229,140,63,,
714,2016-11-04,NAINATIVU_SOUTH,1,83,M,2,233,140,63,,
715,2016-11-04,NAINATIVU_SOUTH,1,84,M,2,223,140,63,,
716,2016-11-04,NAINATIVU_SOUTH,1,85,M,2,190,135,61,,
717,2016-11-04,NAINATIVU_SOUTH,1,86,M,2,315,159,70,,
718,2016-11-04,NAINATIVU_SOUTH,1,87,M,2,164,126,58,,
719,2016-11-04,NAINATIVU_SOUTH,1,88,M,2,315,159,70,,
720,2016-11-04,NAINATIVU_SOUTH,1,89,M,2,232,136,62,,
721,2016-11-04,NAINATIVU_SOUTH,1,90,M,2,223,143,61,,
722,2016-11-04,NAINATIVU_SOUTH,1,91,M,2,273,149,68,,
723,2016-11-04,NAINATIVU_SOUTH,1,92,F,1,81,104,44,,
724,2016-11-04,NAINATIVU_SOUTH,1,93,F,2,163,132,57,,
725,2016-11-04,NAINATIVU_SOUTH,1,94,M,2,250,142,64,,
726,2016-11-04,NAINATIVU_SOUTH,1,95,M,2,282,150,68,,
727,2016-11-04,NAINATIVU_SOUTH,1,96,M,2,247,143,65,,
728,2016-11-04,NAINATIVU_SOUTH,1,97,M,2,225,138,63,,
729,2016-11-04,NAINATIVU_SOUTH,1,98,M,2,306,149,69,,
730,2016-11-04,NAINATIVU_SOUTH,1,99,F,2,263,151,68,,
731,2016-11-04,NAINATIVU_SOUTH,1,100,M,2,273,143,67,,
732,2016-11-04,NAINATIVU_SOUTH,1,101,M,2,221,137,63,,
733,2016-11-04,NAINATIVU_SOUTH,1,102,M,2,204,135,62,,
734,2016-11-04,NAINATIVU_SOUTH,1,103,F,1,72,102,41,,
735,2016-11-04,NAINATIVU_SOUTH,1,104,M,2,321,151,66,,
736,2016-11-04,NAINATIVU_SOUTH,1,105,M,2,220,135,61,,
737,2016-11-04,NAINATIVU_SOUTH,1,106,M,2,170,128,57,,
738,2016-11-04,NAINATIVU_SOUTH,1,107,M,2,288,151,68,,
739,2016-11-04,NAINATIVU_SOUTH,1,108,M,2,177,126,58,,
740,2016-11-04,NAINATIVU_SOUTH,1,109,F,2,179,132,61,,
741,2016-11-04,NAINATIVU_SOUTH,1,110,F,2,139,142,61,,
742,2016-11-04,NAINATIVU_SOUTH,1,111,M,2,309,152,71,,
743,2016-11-04,NAINATIVU_SOUTH,1,112,F,2,158,128,57,,
744,2016-11-04,NAINATIVU_SOUTH,1,113,M,2,159,124,58,,
745,2016-11-04,NAINATIVU_SOUTH,1,114,M,2,214,139,64,,
746,2016-11-04,NAINATIVU_SOUTH,1,115,M,2,173,127,59,,
747,2016-11-04,NAINATIVU_SOUTH,1,116,F,2,164,132,58,,
748,2016-11-04,NAINATIVU_SOUTH,1,117,M,2,272,145,65,,
749,2016-11-04,NAINATIVU_SOUTH,1,118,F,2,199,136,63,,
750,2016-11-04,NAINATIVU_SOUTH,1,119,M,2,166,127,56,,
751,2016-11-04,NAINATIVU_SOUTH,1,120,M,2,247,147,65,,
752,2016-11-04,NAINATIVU_SOUTH,1,121,M,2,220,136,62,,
753,2016-11-04,NAINATIVU_SOUTH,1,122,M,2,250,147,67,,
754,2016-11-04,NAINATIVU_SOUTH,1,123,M,2,260,139,67,,
755,2016-11-04,NAINATIVU_SOUTH,1,124,M,2,238,139,56,,
756,2016-11-04,NAINATIVU_SOUTH,1,125,M,2,243,140,61,,
757,2016-11-04,NAINATIVU_SOUTH,1,126,M,2,165,127,55,,
758,2016-11-04,NAINATIVU_SOUTH,1,127,M,2,171,128,58,,
759,2016-11-04,NAINATIVU_SOUTH,1,128,M,2,228,138,62,,
760,2016-11-04,NAINATIVU_SOUTH,1,129,M,2,241,145,63,,
761,2016-11-04,NAINATIVU_SOUTH,1,130,M,2,296,143,67,,
762,2016-11-04,NAINATIVU_SOUTH,1,131,M,2,233,141,65,,
763,2016-11-04,NAINATIVU_SOUTH,1,132,M,2,192,136,58,,
764,2016-11-04,NAINATIVU_SOUTH,1,133,M,2,224,139,62,,
765,2016-11-04,NAINATIVU_SOUTH,1,134,M,2,205,131,60,,
766,2016-11-04,NAINATIVU_SOUTH,1,135,M,2,167,127,58,,
767,2016-11-04,NAINATIVU_SOUTH,1,136,F,2,153,134,57,,
768,2016-11-04,NAINATIVU_SOUTH,1,137,M,2,194,135,60,,
769,2016-11-04,NAINATIVU_SOUTH,1,138,M,2,307,146,67,,
770,2016-11-04,NAINATIVU_SOUTH,1,139,M,2,195,133,59,,
771,2016-11-04,NAINATIVU_SOUTH,1,140,M,2,173,132,57,,
772,2016-11-04,NAINATIVU_SOUTH,1,141,M,2,138,137,63,,
773,2016-11-04,NAINATIVU_SOUTH,1,142,F,2,265,148,70,,
774,2016-11-04,NAINATIVU_SOUTH,1,143,M,2,230,138,63,,
775,2016-11-04,NAINATIVU_SOUTH,1,144,F,2,356,163,77,,
776,2016-11-04,NAINATIVU_SOUTH,1,145,M,2,309,147,68,,
777,2016-11-04,NAINATIVU_SOUTH,1,146,M,2,180,127,59,,
778,2016-11-04,NAINATIVU_SOUTH,1,147,M,2,322,157,73,,
779,2016-11-04,NAINATIVU_SOUTH,1,148,M,2,214,135,63,,
780,2016-11-04,NAINATIVU_SOUTH,1,149,M,2,188,129,60,,
781,2016-11-04,NAINATIVU_SOUTH,1,150,M,2,344,153,71,,
782,2016-11-04,NAINATIVU_SOUTH,1,151,M,2,214,135,64,,
783,2016-11-04,NAINATIVU_SOUTH,1,152,M,2,274,141,65,,
784,2016-11-04,NAINATIVU_SOUTH,1,153,M,2,161,122,55,,
785,2016-11-04,NAINATIVU_SOUTH,1,154,F,1,65,98,41,,
786,2016-11-04,NAINATIVU_SOUTH,1,155,M,2,190,129,61,,
787,2016-11-04,NAINATIVU_SOUTH,1,156,M,2,284,145,69,,
788,2016-11-04,NAINATIVU_SOUTH,1,157,M,2,194,139,55,,
789,2016-11-04,NAINATIVU_SOUTH,1,158,M,2,200,136,61,,
790,2016-11-04,NAINATIVU_SOUTH,1,159,M,2,244,142,66,,
791,2016-11-04,NAINATIVU_SOUTH,1,160,M,2,220,141,64,,
792,2016-11-04,NAINATIVU_SOUTH,1,161,M,2,232,137,64,,
793,2016-11-04,NAINATIVU_SOUTH,1,162,M,2,250,146,64,,
794,2016-11-04,NAINATIVU_SOUTH,1,163,F,2,146,127,58,,
795,2016-11-04,NAINATIVU_SOUTH,1,164,M,2,193,133,62,,
796,2016-11-04,NAINATIVU_SOUTH,1,165,M,2,212,138,63,,
797,2016-11-04,NAINATIVU_SOUTH,1,166,F,2,178,136,60,,
798,2016-11-04,NAINATIVU_SOUTH,1,167,M,2,188,130,59,,
799,2016-11-04,NAINATIVU_SOUTH,1,168,M,2,184,130,61,,
800,2016-11-07,NAINATIVU_SOUTH,2,1,M,2,299,152,67,,
801,2016-11-07,NAINATIVU_SOUTH,2,2,M,2,192,132,54,,
802,2016-11-07,NAINATIVU_SOUTH,2,3,M,2,273,147,66,,
803,2016-11-07,NAINATIVU_SOUTH,2,4,M,2,165,125,57,,
804,2016-11-07,NAINATIVU_SOUTH,2,5,M,2,194,132,60,,
805,2016-11-07,NAINATIVU_SOUTH,2,6,M,2,260,143,66,,
806,2016-11-07,NAINATIVU_SOUTH,2,7,M,2,223,138,61,,
807,2016-11-07,NAINATIVU_SOUTH,2,8,M,2,230,139,63,,
808,2016-11-07,NAINATIVU_SOUTH,2,9,M,2,205,135,61,,
809,2016-11-07,NAINATIVU_SOUTH,2,10,M,2,213,138,61,,
810,2016-11-07,NAINATIVU_SOUTH,2,11,M,2,273,148,68,,
811,2016-11-07,NAINATIVU_SOUTH,2,12,M,2,293,149,68,,
812,2016-11-07,NAINATIVU_SOUTH,2,13,M,2,299,150,67,,
813,2016-11-07,NAINATIVU_SOUTH,2,14,M,2,143,125,54,,
814,2016-11-07,NAINATIVU_SOUTH,2,15,F,2,130,122,52,,
815,2016-11-07,NAINATIVU_SOUTH,2,16,F,3,140,122,53,,
816,2016-11-07,NAINATIVU_SOUTH,2,17,F,2,148,124,55,,
817,2016-11-07,NAINATIVU_SOUTH,2,18,M,2,344,157,72,,
818,2016-11-07,NAINATIVU_SOUTH,2,19,F,2,218,143,63,,
819,2016-11-07,NAINATIVU_SOUTH,2,20,M,2,268,145,65,,
820,2016-11-07,NAINATIVU_SOUTH,2,21,M,2,235,143,63,,
821,2016-11-07,NAINATIVU_SOUTH,2,22,M,2,216,135,61,,
822,2016-11-07,NAINATIVU_SOUTH,2,23,F,3,185,135,58,4,21
823,2016-11-07,NAINATIVU_SOUTH,2,24,M,2,228,143,64,,
824,2016-11-07,NAINATIVU_SOUTH,2,25,M,2,309,155,68,,
825,2016-11-07,NAINATIVU_SOUTH,2,26,M,2,318,148,71,,
826,2016-11-07,NAINATIVU_SOUTH,2,27,F,2,217,149,63,,
827,2016-11-07,NAINATIVU_SOUTH,2,28,M,2,230,143,62,,
828,2016-11-07,NAINATIVU_SOUTH,2,29,M,2,214,142,63,,
829,2016-11-07,NAINATIVU_SOUTH,2,30,M,2,183,135,59,,
830,2016-11-07,NAINATIVU_SOUTH,2,31,M,2,318,149,69,,
831,2016-11-07,NAINATIVU_SOUTH,2,32,F,3,267,153,66,3,10
832,2016-11-07,NAINATIVU_SOUTH,2,33,M,2,237,141,61,,
833,2016-11-07,NAINATIVU_SOUTH,2,34,M,2,302,147,65,,
834,2016-11-07,NAINATIVU_SOUTH,2,35,M,2,250,141,63,,
835,2016-11-07,NAINATIVU_SOUTH,2,36,M,2,264,145,65,,
836,2016-11-07,NAINATIVU_SOUTH,2,37,M,2,215,136,61,,
837,2016-11-07,NAINATIVU_SOUTH,2,38,M,2,247,141,63,,
838,2016-11-07,NAINATIVU_SOUTH,2,39,F,2,240,153,65,,
839,2016-11-07,NAINATIVU_SOUTH,2,40,M,2,265,145,65,,
840,2016-11-07,NAINATIVU_SOUTH,3,1,M,2,213,150,62,,
841,2016-11-07,NAINATIVU_SOUTH,3,2,M,2,195,132,59,,
842,2016-11-07,NAINATIVU_SOUTH,3,3,M,2,173,127,57,,
843,2016-11-07,NAINATIVU_SOUTH,3,4,F,2,203,139,62,,
844,2016-11-07,NAINATIVU_SOUTH,3,5,M,2,255,142,64,,
845,2016-11-07,NAINATIVU_SOUTH,3,6,M,2,239,133,62,,
846,2016-11-07,NAINATIVU_SOUTH,3,7,M,2,257,142,65,,
847,2016-11-07,NAINATIVU_SOUTH,3,8,M,2,208,138,62,,
848,2016-11-07,NAINATIVU_SOUTH,3,9,M,2,225,134,62,,
849,2016-11-07,NAINATIVU_SOUTH,3,10,M,2,309,150,70,,
850,2016-11-07,NAINATIVU_SOUTH,3,11,M,2,258,142,65,,
851,2016-11-07,NAINATIVU_SOUTH,3,12,M,2,225,140,63,,
852,2016-11-07,NAINATIVU_SOUTH,3,13,M,2,247,140,63,,
853,2016-11-07,NAINATIVU_SOUTH,3,14,M,2,268,142,65,,
854,2016-11-07,NAINATIVU_SOUTH,3,15,M,2,313,152,68,,
855,2016-11-07,NAINATIVU_SOUTH,3,16,M,2,233,138,62,,
856,2016-11-07,NAINATIVU_SOUTH,3,17,M,2,219,137,61,,
857,2016-11-07,NAINATIVU_SOUTH,3,18,F,2,156,128,57,,
858,2016-11-07,NAINATIVU_SOUTH,3,19,F,2,210,141,63,,
859,2016-11-07,NAINATIVU_SOUTH,3,20,M,2,218,136,61,,
860,2016-11-07,NAINATIVU_SOUTH,3,21,F,2,229,145,64,,
861,2016-11-07,NAINATIVU_SOUTH,3,22,M,2,202,133,61,,
862,2016-11-07,NAINATIVU_SOUTH,3,23,M,2,195,136,59,,
863,2016-11-07,NAINATIVU_SOUTH,3,24,F,2,209,138,63,,
864,2016-11-07,NAINATIVU_SOUTH,3,25,F,2,232,143,64,,
865,2016-11-07,NAINATIVU_SOUTH,3,26,M,2,222,136,61,,
866,2016-11-07,NAINATIVU_SOUTH,3,27,M,2,287,150,66,,
867,2016-11-07,NAINATIVU_SOUTH,3,28,M,2,287,145,68,,
868,2016-11-07,NAINATIVU_SOUTH,3,29,M,2,244,143,63,,
869,2016-11-07,NAINATIVU_SOUTH,3,30,M,2,190,129,59,,
870,2016-11-07,NAINATIVU_SOUTH,3,31,M,2,201,134,61,,
871,2016-11-07,NAINATIVU_SOUTH,3,32,F,2,179,138,61,,
872,2016-11-07,NAINATIVU_SOUTH,3,33,F,2,237,148,64,,
873,2016-11-07,NAINATIVU_SOUTH,3,34,M,2,308,152,68,,
874,2016-11-07,NAINATIVU_SOUTH,3,35,M,2,305,152,68,,
875,2016-11-07,NAINATIVU_SOUTH,3,36,M,2,274,148,66,,
876,2016-11-07,NAINATIVU_SOUTH,3,37,M,2,200,137,61,,
877,2016-11-07,NAINATIVU_SOUTH,3,38,M,2,193,137,60,,
878,2016-11-07,NAINATIVU_SOUTH,4,1,M,2,213,138,62,,
879,2016-11-07,NAINATIVU_SOUTH,4,2,M,2,214,137,61,,
880,2016-11-07,NAINATIVU_SOUTH,4,3,M,2,190,133,59,,
881,2016-11-07,NAINATIVU_SOUTH,4,4,M,2,247,143,62,,
882,2016-11-07,NAINATIVU_SOUTH,4,5,F,2,172,134,59,,
883,2016-11-07,NAINATIVU_SOUTH,4,6,M,2,259,143,67,,
884,2016-11-07,NAINATIVU_SOUTH,4,7,M,2,161,128,56,,
885,2016-11-07,NAINATIVU_SOUTH,4,8,F,3,301,153,71,2,30
886,2016-11-07,NAINATIVU_SOUTH,4,9,M,2,198,134,60,,
887,2016-11-07,NAINATIVU_SOUTH,4,10,M,2,223,148,64,,
888,2016-11-07,NAINATIVU_SOUTH,4,11,M,2,231,138,64,,
889,2016-11-07,NAINATIVU_SOUTH,4,12,M,2,163,127,55,,
890,2016-11-07,NAINATIVU_SOUTH,4,13,M,2,301,150,68,,
891,2016-11-07,NAINATIVU_SOUTH,4,14,F,2,187,142,61,,
892,2016-11-07,NAINATIVU_SOUTH,4,15,M,2,170,128,58,,
893,2016-11-07,NAINATIVU_SOUTH,4,16,M,2,177,131,57,,
894,2016-11-07,NAINATIVU_SOUTH,4,17,M,2,365,164,73,,
895,2016-11-07,NAINATIVU_SOUTH,4,18,M,2,187,128,68,,
896,2016-11-07,NAINATIVU_SOUTH,4,19,M,2,282,148,68,,
897,2016-11-07,NAINATIVU_SOUTH,4,20,M,2,244,143,63,,
898,2016-11-07,NAINATIVU_SOUTH,4,21,M,2,203,135,62,,
899,2016-11-07,NAINATIVU_SOUTH,4,22,M,2,249,149,65,,
900,2016-11-07,NAINATIVU_SOUTH,4,23,M,2,213,138,63,,
901,2016-11-07,NAINATIVU_SOUTH,4,24,M,2,240,145,64,,
902,2016-11-07,NAINATIVU_SOUTH,4,25,M,2,228,138,62,,
903,2016-11-07,NAINATIVU_SOUTH,4,26,M,2,236,145,64,,
904,2016-11-07,NAINATIVU_SOUTH,4,27,M,2,235,136,63,,
905,2016-11-07,NAINATIVU_SOUTH,4,28,M,2,249,147,65,,
906,2016-11-07,NAINATIVU_SOUTH,4,29,M,2,226,143,63,,
907,2016-11-07,NAINATIVU_SOUTH,4,30,M,2,170,131,58,,
908,2016-11-07,NAINATIVU_SOUTH,4,31,M,2,231,138,63,,
909,2016-11-07,NAINATIVU_SOUTH,4,32,M,2,344,153,72,,
910,2016-11-07,NAINATIVU_SOUTH,4,33,M,2,192,129,58,,
911,2016-11-07,NAINATIVU_SOUTH,4,34,M,2,254,143,63,,
912,2016-11-07,NAINATIVU_SOUTH,4,35,M,2,286,142,66,,
913,2016-11-07,NAINATIVU_SOUTH,4,36,M,2,264,143,65,,
914,2016-11-07,NAINATIVU_SOUTH,5,1,F,3,173,128,55,2,19
915,2016-11-07,NAINATIVU_SOUTH,5,2,M,2,242,143,63,,
916,2016-11-07,NAINATIVU_SOUTH,5,3,M,2,299,154,70,,
917,2016-11-07,NAINATIVU_SOUTH,5,4,M,2,336,155,71,,
918,2016-11-07,NAINATIVU_SOUTH,5,5,M,2,250,147,65,,
919,2016-11-07,NAINATIVU_SOUTH,5,6,M,2,194,125,53,,
920,2016-11-07,NAINATIVU_SOUTH,5,7,M,2,177,133,59,,
921,2016-11-07,NAINATIVU_SOUTH,5,8,M,2,227,138,61,,
922,2016-11-07,NAINATIVU_SOUTH,5,9,M,2,203,138,59,,
923,2016-11-07,NAINATIVU_SOUTH,5,10,M,2,179,132,58,,
924,2016-11-07,NAINATIVU_SOUTH,5,11,M,2,212,138,62,,
925,2016-11-07,NAINATIVU_SOUTH,5,12,M,2,256,147,64,,
926,2016-11-07,NAINATIVU_SOUTH,5,13,M,2,216,138,62,,
927,2016-11-07,NAINATIVU_SOUTH,5,14,M,2,308,148,68,,
928,2016-11-07,NAINATIVU_SOUTH,5,15,F,2,193,136,62,,
929,2016-11-07,NAINATIVU_SOUTH,5,16,M,2,226,135,63,,
930,2016-11-07,NAINATIVU_SOUTH,5,17,F,2,194,140,61,,
931,2016-11-07,NAINATIVU_SOUTH,5,18,F,2,255,152,68,,
932,2016-11-07,NAINATIVU_SOUTH,5,19,M,2,295,147,69,,
933,2016-11-07,NAINATIVU_SOUTH,5,20,M,2,229,136,63,,
934,2016-11-07,NAINATIVU_SOUTH,5,21,F,2,192,138,61,,
935,2016-11-07,NAINATIVU_SOUTH,5,22,F,3,232,146,63,3,35
936,2016-11-07,NAINATIVU_SOUTH,5,23,M,2,226,143,63,,
937,2016-11-07,NAINATIVU_SOUTH,5,24,M,2,280,148,70,,
938,2016-11-07,NAINATIVU_SOUTH,5,25,F,3,315,148,68,3,28
939,2016-11-07,NAINATIVU_SOUTH,5,26,M,2,239,141,63,,
940,2016-11-07,NAINATIVU_SOUTH,5,27,M,2,236,139,63,,
941,2016-11-07,NAINATIVU_SOUTH,5,28,M,2,246,139,65,,
942,2016-11-07,NAINATIVU_SOUTH,5,29,M,2,247,138,64,,
943,2016-11-07,NAINATIVU_SOUTH,5,30,M,2,235,138,63,,
944,2016-11-07,NAINATIVU_SOUTH,5,31,M,2,177,138,61,,
945,2016-11-07,NAINATIVU_SOUTH,5,32,M,2,169,130,57,,
946,2016-11-07,NAINATIVU_SOUTH,5,33,M,2,241,142,63,,
947,2016-11-07,NAINATIVU_SOUTH,5,34,M,2,242,142,64,,
948,2016-11-07,NAINATIVU_SOUTH,6,1,M,2,255,142,64,,
949,2016-11-07,NAINATIVU_SOUTH,6,2,M,2,257,143,66,,
950,2016-11-07,NAINATIVU_SOUTH,6,3,M,2,288,145,68,,
951,2016-11-07,NAINATIVU_SOUTH,6,4,M,2,171,124,55,,
952,2016-11-07,NAINATIVU_SOUTH,6,5,F,2,190,133,63,,
953,2016-11-07,NAINATIVU_SOUTH,6,6,M,2,238,137,65,,
954,2016-11-07,NAINATIVU_SOUTH,6,7,M,2,236,143,67,,
955,2016-11-07,NAINATIVU_SOUTH,6,8,M,2,196,132,60,,
956,2016-11-07,NAINATIVU_SOUTH,6,9,M,2,187,129,60,,
957,2016-11-07,NAINATIVU_SOUTH,6,10,M,2,145,129,55,,
958,2016-11-07,NAINATIVU_SOUTH,6,11,M,2,142,119,55,,
959,2016-11-07,NAINATIVU_SOUTH,6,12,M,2,255,145,69,,
960,2016-11-07,NAINATIVU_SOUTH,6,13,M,2,166,124,56,,
961,2016-11-07,NAINATIVU_SOUTH,6,14,M,2,224,140,64,,
962,2016-11-07,NAINATIVU_SOUTH,6,15,M,2,200,136,59,,
963,2016-11-07,NAINATIVU_SOUTH,6,16,M,2,224,135,63,,
964,2016-11-07,NAINATIVU_SOUTH,6,17,M,2,197,135,63,,
965,2016-11-07,NAINATIVU_SOUTH,6,18,M,2,194,135,61,,
966,2016-11-07,NAINATIVU_SOUTH,6,19,M,2,228,134,63,,
967,2016-11-07,NAINATIVU_SOUTH,6,20,M,2,202,134,61,,
968,2016-11-07,NAINATIVU_SOUTH,6,21,M,2,225,134,62,,
969,2016-11-07,NAINATIVU_SOUTH,6,22,F,2,142,126,55,,
970,2016-11-07,NAINATIVU_SOUTH,6,23,M,2,199,141,62,,
971,2016-11-07,NAINATIVU_SOUTH,6,24,M,2,181,127,58,,
972,2016-11-07,NAINATIVU_SOUTH,6,25,M,2,366,164,73,,
973,2016-11-07,NAINATIVU_SOUTH,6,26,M,2,176,133,59,,
974,2016-11-07,NAINATIVU_SOUTH,6,27,M,2,214,138,61,,
975,2016-11-07,NAINATIVU_SOUTH,6,28,M,2,282,145,67,,
976,2016-11-07,NAINATIVU_SOUTH,6,29,F,2,219,142,63,,
977,2016-11-07,NAINATIVU_SOUTH,6,30,F,2,264,162,73,,
978,2016-11-07,NAINATIVU_SOUTH,6,31,M,2,193,137,57,,
979,2016-11-07,NAINATIVU_SOUTH,6,32,M,2,215,131,63,,
980,2016-11-07,NAINATIVU_SOUTH,6,33,M,2,203,138,61,,
981,2016-11-07,NAINATIVU_SOUTH,6,34,M,2,212,135,61,,
982,2016-11-07,NAINATIVU_SOUTH,6,35,M,2,244,143,64,,
983,2016-11-07,NAINATIVU_SOUTH,6,36,F,2,328,165,74,,
984,2016-11-07,NAINATIVU_SOUTH,6,37,F,2,156,125,57,,
985,2016-11-07,NAINATIVU_SOUTH,6,38,F,2,175,130,59,,
986,2016-11-07,NAINATIVU_SOUTH,6,39,F,2,178,137,60,,
987,2016-11-07,NAINATIVU_SOUTH,6,40,F,2,213,135,64,,
988,2016-11-07,NAINATIVU_SOUTH,7,1,M,2,230,138,62,,
989,2016-11-07,NAINATIVU_SOUTH,7,2,M,2,174,126,58,,
990,2016-11-07,NAINATIVU_SOUTH,7,3,M,2,245,138,64,,
991,2016-11-07,NAINATIVU_SOUTH,7,4,M,2,256,143,65,,
992,2016-11-07,NAINATIVU_SOUTH,7,5,M,2,205,130,61,,
993,2016-11-07,NAINATIVU_SOUTH,7,6,M,2,176,129,58,,
994,2016-11-07,NAINATIVU_SOUTH,7,7,M,2,276,149,67,,
995,2016-11-07,NAINATIVU_SOUTH,7,8,M,2,172,127,55,,
996,2016-11-07,NAINATIVU_SOUTH,7,9,M,2,182,126,58,,
997,2016-11-07,NAINATIVU_SOUTH,7,10,M,2,181,123,58,,
998,2016-11-07,NAINATIVU_SOUTH,7,11,M,2,212,136,61,,
999,2016-11-07,NAINATIVU_SOUTH,7,12,M,2,192,128,60,,
1000,2016-11-07,NAINATIVU_SOUTH,7,13,M,2,198,129,59,,
1001,2016-11-07,NAINATIVU_SOUTH,7,14,M,2,193,135,60,,
1002,2016-11-07,NAINATIVU_SOUTH,7,15,M,2,186,129,59,,
1003,2016-11-07,NAINATIVU_SOUTH,7,16,M,2,181,128,60,,
1004,2016-11-07,NAINATIVU_SOUTH,7,17,M,2,189,188,59,,
1005,2016-11-07,NAINATIVU_SOUTH,7,18,F,2,249,153,68,,
1006,2016-11-07,NAINATIVU_SOUTH,7,19,M,2,236,142,63,,
1007,2016-11-07,NAINATIVU_SOUTH,7,20,M,2,219,137,63,,
1008,2016-11-07,NAINATIVU_SOUTH,7,21,M,2,201,139,61,,
1009,2016-11-07,NAINATIVU_SOUTH,7,22,M,2,190,134,60,,
1010,2016-11-07,NAINATIVU_SOUTH,7,23,M,2,231,140,63,,
1011,2016-11-07,NAINATIVU_SOUTH,7,24,M,2,286,145,71,,
1012,2016-11-07,NAINATIVU_SOUTH,7,25,M,2,230,138,63,,
1013,2016-11-07,NAINATIVU_SOUTH,7,26,M,2,245,140,63,,
1014,2016-11-07,NAINATIVU_SOUTH,7,27,M,2,160,126,56,,
1015,2016-11-07,NAINATIVU_SOUTH,7,28,M,2,259,143,64,,
1016,2016-11-07,NAINATIVU_SOUTH,7,29,M,2,261,138,66,,
1017,2016-11-07,NAINATIVU_SOUTH,7,30,M,2,194,136,60,,
1018,2016-11-07,NAINATIVU_SOUTH,7,31,M,2,183,129,55,,
1019,2016-11-07,NAINATIVU_SOUTH,7,32,M,2,194,128,59,,
1020,2016-11-07,NAINATIVU_SOUTH,8,1,F,2,219,141,63,,
1021,2016-11-07,NAINATIVU_SOUTH,8,2,M,2,179,127,58,,
1022,2016-11-07,NAINATIVU_SOUTH,8,3,M,2,243,137,65,,
1023,2016-11-07,NAINATIVU_SOUTH,8,4,M,2,157,128,55,,
1024,2016-11-07,NAINATIVU_SOUTH,8,5,M,2,201,137,61,,
1025,2016-11-07,NAINATIVU_SOUTH,8,6,M,2,228,138,63,,
1026,2016-11-07,NAINATIVU_SOUTH,8,7,M,2,258,145,64,,
1027,2016-11-07,NAINATIVU_SOUTH,8,8,M,2,236,141,63,,
1028,2016-11-07,NAINATIVU_SOUTH,8,9,M,2,245,144,64,,
1029,2016-11-07,NAINATIVU_SOUTH,8,10,M,2,208,136,61,,
1030,2016-11-07,NAINATIVU_SOUTH,8,11,M,2,238,147,63,,
1031,2016-11-07,NAINATIVU_SOUTH,8,12,F,2,291,152,65,,
1032,2016-11-07,NAINATIVU_SOUTH,8,13,M,2,204,137,61,,
1033,2016-11-07,NAINATIVU_SOUTH,8,14,M,2,319,153,70,,
1034,2016-11-07,NAINATIVU_SOUTH,8,15,M,2,225,136,63,,
1035,2016-11-07,NAINATIVU_SOUTH,8,16,M,2,187,132,58,,
1036,2016-11-07,NAINATIVU_SOUTH,8,17,M,2,181,132,59,,
1037,2016-11-07,NAINATIVU_SOUTH,8,18,M,2,299,152,70,,
1038,2016-11-07,NAINATIVU_SOUTH,8,19,M,2,217,135,62,,
1039,2016-11-07,NAINATIVU_SOUTH,8,20,M,2,219,132,63,,
1040,2016-11-07,NAINATIVU_SOUTH,8,21,M,2,320,153,71,,
1041,2016-11-07,NAINATIVU_SOUTH,8,22,M,2,214,163,61,,
1042,2016-11-07,NAINATIVU_SOUTH,8,23,M,2,268,143,68,,
1043,2016-11-07,NAINATIVU_SOUTH,8,24,M,2,261,148,66,,
1044,2016-11-07,NAINATIVU_SOUTH,8,25,M,2,257,143,64,,
1045,2016-11-07,NAINATIVU_SOUTH,8,26,M,2,235,143,63,,
1046,2016-11-07,NAINATIVU_SOUTH,8,27,M,2,235,145,63,,
1047,2016-11-07,NAINATIVU_SOUTH,8,28,M,2,222,138,61,,
1048,2016-11-07,NAINATIVU_SOUTH,8,29,M,2,237,138,63,,
1049,2016-11-07,NAINATIVU_SOUTH,8,30,M,2,278,145,67,,
1050,2016-11-07,NAINATIVU_SOUTH,8,31,M,2,263,147,68,,
1051,2016-11-07,NAINATIVU_SOUTH,9,1,M,2,100,118,52,,
1052,2016-11-07,NAINATIVU_SOUTH,9,2,M,2,103,121,53,,
1053,2016-11-07,NAINATIVU_SOUTH,9,3,M,2,97,120,52,,
1054,2016-11-07,NAINATIVU_SOUTH,9,4,M,2,110,122,59,,
1055,2016-11-07,NAINATIVU_SOUTH,9,5,M,2,133,122,60,,
1056,2016-11-07,NAINATIVU_SOUTH,9,6,M,2,84,119,50,,
1057,2016-11-07,NAINATIVU_SOUTH,9,7,M,2,99,118,54,,
1058,2016-11-07,NAINATIVU_SOUTH,9,8,M,2,89,114,52,,
1059,2016-11-07,NAINATIVU_SOUTH,9,9,M,2,102,122,56,,
1060,2016-11-07,NAINATIVU_SOUTH,9,10,M,2,80,106,50,,
1061,2016-11-07,NAINATIVU_SOUTH,9,11,M,2,110,117,56,,
1062,2016-11-07,NAINATIVU_SOUTH,9,12,M,2,103,122,54,,
1063,2016-11-07,NAINATIVU_SOUTH,9,13,M,2,108,120,56,,
1064,2016-11-07,NAINATIVU_SOUTH,9,14,M,2,103,119,54,,
1065,2016-11-07,NAINATIVU_SOUTH,9,15,M,2,100,118,58,,
1066,2016-11-07,NAINATIVU_SOUTH,9,16,M,2,108,117,55,,
1067,2016-11-07,NAINATIVU_SOUTH,9,17,M,2,104,115,58,,
1068,2016-11-07,NAINATIVU_SOUTH,9,18,M,2,106,115,59,,
1069,2016-11-07,NAINATIVU_SOUTH,9,19,M,2,104,116,57,,
1070,2016-11-07,NAINATIVU_SOUTH,9,20,M,2,108,120,59,,
1071,2016-11-07,THURAIYOOR,1,1,M,2,194,130,61,,
1072,2016-11-07,THURAIYOOR,1,2,M,2,113,111,51,,
1073,2016-11-07,THURAIYOOR,1,3,M,2,121,112,50,,
1074,2016-11-07,THURAIYOOR,1,4,F,2,121,122,53,,
1075,2016-11-07,THURAIYOOR,1,5,M,2,116,117,53,,
1076,2016-11-07,THURAIYOOR,1,6,M,2,160,119,57,,
1077,2016-11-07,THURAIYOOR,1,7,M,2,151,120,56,,
1078,2016-11-07,THURAIYOOR,1,8,M,2,133,116,53,,
1079,2016-11-07,THURAIYOOR,1,9,M,2,242,135,65,,
1080,2016-11-07,THURAIYOOR,1,10,M,2,196,128,61,,
1081,2016-11-07,THURAIYOOR,1,11,M,2,128,115,54,,
1082,2016-11-07,THURAIYOOR,1,12,F,2,147,122,59,,
1083,2016-11-07,THURAIYOOR,1,13,F,2,125,118,56,,
1084,2016-11-07,THURAIYOOR,1,14,M,2,132,110,52,,
1085,2016-11-07,THURAIYOOR,1,15,M,2,128,113,55,,
1086,2016-11-07,THURAIYOOR,1,16,F,1,88,106,46,,
1087,2016-11-07,THURAIYOOR,1,17,M,2,186,130,60,,
1088,2016-11-07,THURAIYOOR,1,18,M,2,195,132,63,,
1089,2016-11-07,THURAIYOOR,1,19,M,2,158,119,57,,
1090,2016-11-07,THURAIYOOR,1,20,M,2,151,119,55,,
1091,2016-11-07,THURAIYOOR,1,21,M,2,192,127,60,,
1092,2016-11-07,THURAIYOOR,1,22,F,3,198,142,70,3,27
1093,2016-11-07,THURAIYOOR,1,23,F,2,138,125,57,,
1094,2016-11-07,THURAIYOOR,1,24,M,2,180,128,59,,
1095,2016-11-07,THURAIYOOR,1,25,M,2,129,112,53,,
1096,2016-11-07,THURAIYOOR,1,26,M,2,159,122,56,,
1097,2016-11-07,THURAIYOOR,1,27,M,2,400,155,74,,
1098,2016-11-07,THURAIYOOR,1,28,M,2,133,114,53,,
1099,2016-11-07,THURAIYOOR,1,29,M,2,33,78,34,,
1100,2016-11-07,THURAIYOOR,1,30,F,2,111,118,51,,
1101,2016-11-07,THURAIYOOR,1,31,M,2,191,128,61,,
1102,2016-11-07,THURAIYOOR,1,32,M,2,99,115,50,,
1103,2016-11-07,THURAIYOOR,1,33,M,2,118,111,52,,
1104,2016-11-07,THURAIYOOR,1,34,M,2,170,128,57,,
1105,2016-11-07,THURAIYOOR,1,35,M,2,170,130,61,,
1106,2016-11-07,THURAIYOOR,1,36,F,1,77,98,43,,
1107,2016-11-07,THURAIYOOR,1,37,F,1,68,94,42,,
1108,2016-11-07,THURAIYOOR,1,38,M,2,153,123,54,,
